district,demo_age_5_17,demo_age_17_,total_demo_updates,age_0_5,age_5_17,age_18_greater,demo_update_rate
ANGUL,1,8,9,1,0,0,9.0
ANUGUL,4,141,145,12,1,0,11.153846153846153
Adilabad,9009,66292,75301,3654,748,4,17.090558329550614
Agar Malwa,965,8919,9884,2087,421,29,3.8959400867165943
Agra,18477,157476,175953,16314,12691,905,5.882748244734203
Ahilyanagar,200,2218,2418,12,1,0,186.0
Ahmadabad,320,7440,7760,4105,2322,240,1.1639418029098545
Ahmadnagar,8400,219267,227667,9369,2338,129,19.235130111524164
Ahmed Nagar,114,5481,5595,277,63,0,16.455882352941178
Ahmedabad,31732,236152,267884,12844,5679,607,14.00334553058024
Aizawl,1533,11359,12892,762,236,61,12.17374881964117
Ajmer,12323,111713,124036,9200,2787,148,10.221343222084878
Akola,2889,59193,62082,3966,693,49,13.186491079014443
Alappuzha,2640,34195,36835,2536,892,131,10.34981736442821
Aligarh,15788,170674,186462,13830,11776,586,7.1190439828955405
Alipurduar,1375,9459,10834,1521,1714,438,2.9496324530356657
Alirajpur,2001,19593,21594,3251,3390,369,3.0804564907275322
Allahabad,18792,167503,186295,7254,5946,49,14.061061212166956
Alluri Sitharama Raju,1569,11302,12871,1105,116,34,10.255776892430278
Almora,1843,13943,15786,1228,131,8,11.547915142648135
Alwar,15411,129333,144744,15764,7314,305,6.190138134542189
Ambala,3958,29284,33242,3063,122,33,10.330018645121193
Ambedkar Nagar,8036,67720,75756,3856,4096,50,9.467133216695826
Amethi,7282,68998,76280,3890,3251,56,10.598860636376267
Amravati,5974,90217,96191,5783,1025,107,13.910484454085323
Amreli,2578,25310,27888,3460,587,246,6.496156533892383
Amritsar,6399,92676,99075,7633,1775,247,10.261522527187985
Amroha,7277,83025,90302,5605,2476,61,11.090886760009825
Anakapalli,1772,11688,13460,523,12,8,24.788213627992633
Anand,3523,35626,39149,5616,828,536,5.608739255014327
Anantapur,8956,59789,68745,4089,326,0,15.570781426953568
Ananthapur,9092,20934,30026,1843,151,0,15.058174523570711
Ananthapuramu,11812,44132,55944,3018,159,10,17.553812362723566
Anantnag,5246,30320,35566,2978,341,35,10.604054859868814
Andamans,7,743,750,70,5,0,10.0
Angul,4007,25451,29458,2582,413,14,9.78996344300432
Anjaw,128,632,760,23,11,3,20.54054054054054
Annamayya,5789,27845,33634,868,48,105,32.94221351616063
Anugal,0,11,11,1,2,0,3.6666666666666665
Anugul,90,1578,1668,159,35,0,8.597938144329897
Anuppur,3847,22348,26195,2864,349,13,8.119962802231866
Araria,9001,146314,155315,9939,5515,125,9.969510238141087
Ariyalur,4536,18815,23351,1927,405,80,9.681177446102819
Arvalli,1810,6286,8096,1952,322,117,3.386030949393559
Arwal,2232,25538,27770,812,3020,34,7.183135023279876
Ashok Nagar,6092,38925,45017,3726,1285,167,8.693897257628429
Auraiya,5621,46178,51799,2169,1547,17,13.875971068845432
Aurangabad,18811,242158,260969,15375,11970,218,9.468091281790807
Aurangabad(BH),2,22,24,5,3,0,3.0
Aurangabad(bh),24,646,670,44,61,0,6.380952380952381
Ayodhya,1751,13526,15277,1027,634,32,9.02362669816893
Azamgarh,17812,141977,159789,6717,13577,279,7.766927526369513
Badgam,892,11227,12119,1674,192,1,6.491162292447777
Bagalkot,14788,37873,52661,6158,900,84,7.373424810977317
Bagalkot *,164,1032,1196,218,31,0,4.803212851405623
Bageshwar,934,5994,6928,675,65,2,9.336927223719677
Baghpat,5208,49700,54908,3482,3203,154,8.028659160696009
Bagpat,2,8,10,0,1,0,10.0
Bahraich,10401,119296,129697,14674,22360,2304,3.2969901876048606
Bajali,57,787,844,19,8,2,29.103448275862068
Baksa,1346,15666,17012,2120,1179,400,4.599080832657475
Balaghat,13036,66256,79292,6237,540,28,11.65202057310801
Balangir,5240,37354,42594,4582,1032,56,7.512169312169312
Baleshwar,1008,11279,12287,978,251,0,9.997558991049633
Baleswar,8027,35187,43214,4866,1148,4,7.1807909604519775
Ballari,4784,19615,24399,2450,267,64,8.77346278317152
Ballia,12808,92140,104948,4079,5860,37,10.520048115477145
Balod,5704,54030,59734,1603,71,4,35.598331346841476
Baloda Bazar,8282,107988,116270,4349,562,33,23.517394822006473
Balotra,26,477,503,1,0,0,503.0
Balrampur,8860,129517,138377,8774,9435,305,7.474181700334881
Banas Kantha,33,440,473,5997,6719,782,0.03504222847829308
Banaskantha,9778,65429,75207,9944,5781,1635,4.332200460829493
Banda,5285,64150,69435,4825,5563,203,6.556038145595317
Bandipore,2600,13294,15894,1288,308,43,9.697376449054302
Bandipur,0,1,1,2,0,0,0.5
Bangalore,3869,47973,51842,5776,1236,4,7.389110604332953
Bangalore Rural,5713,42521,48234,2251,267,126,18.242813918305597
Banka,7434,90686,98120,6198,4797,79,8.860393715008128
Bankura,9441,136386,145827,9083,2122,150,12.842536327608983
Banswara,5054,96240,101294,4203,3030,30,13.946578548809033
Bapatla,2008,11506,13514,421,55,16,27.46747967479675
Bara Banki,8729,101238,109967,5776,3218,92,12.102905569007264
Barabanki,161,4799,4960,1401,922,52,2.088421052631579
Baramula,5160,31635,36795,3198,532,64,9.698207696362678
Baran,6373,72385,78758,4532,1658,77,12.567097494814105
Barddhaman,9917,160484,170401,12816,3006,14,10.760356150543066
Bardez,2,29,31,2,0,0,15.5
Bardhaman,305,22944,23249,1345,428,3,13.090653153153154
Bareilly,21442,220300,241742,17187,10017,607,8.692315990075869
Bargarh,4584,30887,35471,4411,825,3,6.7705669020805495
Barmer,9913,101808,111721,10522,5233,96,7.048198851807457
Barnala,677,12827,13504,926,79,8,13.330700888450147
Barpeta,4978,54164,59142,10545,3306,532,4.111937704234165
Barwani,12569,70190,82759,12801,8355,667,3.7922833707556247
Bastar,9378,70053,79431,4794,1808,6,12.020429782082324
Basti,8964,75846,84810,4823,5216,80,8.381262970649274
Bathinda,2044,35376,37420,2388,298,18,13.838757396449704
Baudh,59,1071,1130,142,33,0,6.457142857142857
Beawar,24,486,510,1,0,0,510.0
Beed,8927,162224,171151,7454,2461,270,16.804221894943545
Begusarai,13270,119720,132990,8106,5045,58,10.06813536225301
Belagavi,12963,41358,54321,7063,622,120,6.959769378603459
Belgaum,12122,50900,63022,5861,880,2,9.346285036333976
Bellary,3524,23856,27380,3623,596,1,6.488151658767772
Bemetara,4199,54494,58693,2458,302,11,21.181162035366295
Bengaluru,38541,265383,303924,20441,6732,3807,9.810329244673984
Bengaluru Rural,8,71,79,1439,730,621,0.028315412186379927
Bengaluru South,326,3388,3714,15,183,5,18.295566502463053
Betul,10942,37304,48246,6829,1207,130,5.908155767817781
Bhabua,5,127,132,14,17,0,4.258064516129032
Bhadohi,1463,10317,11780,265,277,4,21.575091575091577
Bhadradri Kothagudem,5559,28170,33729,2490,682,39,10.504204297726565
Bhadrak,7114,35536,42650,3701,1176,14,8.720098139439788
Bhagalpur,15385,139641,155026,10456,10229,377,7.360459595480012
Bhandara,1658,36236,37894,1842,55,6,19.912769311613243
Bharatpur,9983,95080,105063,10236,6643,175,6.1606074821156325
Bharuch,6975,42831,49806,3745,508,98,11.447023672718915
Bhavnagar,6530,51332,57862,8420,1309,445,5.687241989384706
Bhilwara,7046,90693,97739,7865,3035,183,8.8188216186953
Bhind,8411,49605,58016,8483,4845,639,4.153791078971862
Bhiwani,4004,30276,34280,3321,152,16,9.825164803668674
Bhojpur,10707,131634,142341,3136,10115,106,10.656659429512615
Bhopal,10700,80164,90864,11256,1452,154,7.06453117711087
Bid,122,11796,11918,439,129,0,20.982394366197184
Bidar,6398,36661,43059,3960,896,64,8.751829268292683
Bijapur,6578,36851,43429,6897,2691,1367,3.964308534915564
Bijapur(KAR),0,1,1,3,0,0,0.3333333333333333
Bijnor,17345,209514,226859,12935,3843,73,13.462643166577651
Bikaner,9014,72638,81652,7464,5620,199,6.147105322592788
Bilaspur,13821,146280,160101,8475,1446,19,16.106740442655937
Birbhum,11252,140111,151363,13361,2041,107,9.759687923141401
Bishnupur,5183,36872,42055,516,559,42,37.649955237242615
Biswanath,844,10181,11025,789,464,76,8.295711060948081
Bokaro,4424,66249,70673,3505,2278,17,12.185
Bongaigaon,3318,35806,39124,2324,626,225,12.32251968503937
Botad,1463,6082,7545,2302,474,171,2.5602307431286055
Boudh,1352,7835,9187,1177,245,2,6.451544943820225
Budaun,14396,156943,171339,7773,7407,349,11.033485736364222
Budgam,5738,12884,18622,793,51,15,21.678696158323632
Bulandshahar,28,635,663,115,70,0,3.5837837837837836
Bulandshahr,18691,156066,174757,9155,7521,209,10.349837133550489
Buldana,240,22701,22941,963,112,0,21.34046511627907
Buldhana,4282,109890,114172,5849,1093,142,16.116883116883116
Bundi,4316,44385,48701,3414,1334,124,9.996100164203613
Burhanpur,3248,13295,16543,6542,2759,388,1.7074001444937559
Buxar,7052,66850,73902,2528,4648,64,10.207458563535912
Cachar,5078,52941,58019,11474,4513,1527,3.3127212515701725
Central Delhi,4432,44615,49047,2761,993,193,12.426399797314415
Chamarajanagar,85,1025,1110,232,17,0,4.457831325301205
Chamarajanagar *,5,51,56,23,0,0,2.4347826086956523
Chamba,3354,16304,19658,1586,64,7,11.863608931804466
Chamoli,1179,10611,11790,1006,77,7,10.81651376146789
Champawat,1372,11133,12505,769,96,1,14.439953810623557
Champhai,576,5893,6469,805,269,91,5.552789699570815
Chamrajanagar,2226,12985,15211,1988,216,23,6.8302649303996406
Chamrajnagar,147,1789,1936,356,24,0,5.094736842105263
Chandauli,10053,83550,93603,4405,4986,175,9.784967593560527
Chandel,1247,7742,8989,244,510,5,11.843214756258234
Chandigarh,13132,70204,83336,2473,211,36,30.638235294117646
Chandrapur,3249,108822,112071,4014,375,86,25.043798882681564
Changlang,690,4969,5659,486,304,13,7.047322540473226
Charaideo,763,9150,9913,659,336,194,8.33725820016821
Charkhi Dadri,1698,10397,12095,839,19,0,14.096736596736596
Chatra,3989,43307,47296,3448,2819,35,7.50491907331006
Chatrapati Sambhaji Nagar,770,6870,7640,114,81,16,36.208530805687204
Chengalpattu,2251,19282,21533,862,319,72,17.18515562649641
Chennai,17927,130441,148368,7686,2159,198,14.77327491785323
Chhatarpur,11821,68037,79858,11504,5965,367,4.477349181430814
Chhatrapati Sambhajinagar,1424,13314,14738,411,365,234,14.592079207920792
Chhindwara,16975,72447,89422,8308,625,48,9.956797683999554
Chhotaudepur,1857,7774,9631,2215,1303,589,2.345020696372048
Chickmagalur,886,9598,10484,1129,102,0,8.516653127538586
Chikkaballapur,4231,31990,36221,2842,296,14,11.491434010152284
Chikkamagaluru,1805,9284,11089,1018,95,38,9.634231103388357
Chikmagalur,42,670,712,145,9,0,4.623376623376624
Chirang,1175,12222,13397,2013,1071,264,4.0014934289127835
Chitradurga,6123,41218,47341,4042,326,45,10.727622932245637
Chitrakoot,3931,40615,44546,2951,2436,14,8.247731901499723
Chittaurgarh,86,1979,2065,286,70,1,5.784313725490196
Chittoor,28652,140927,169579,7493,659,43,20.692983526540573
Chittorgarh,5411,56413,61824,3698,2160,128,10.32809889742733
Chumukedima,254,1583,1837,37,97,50,9.983695652173912
Churachandpur,2734,16539,19273,1256,3274,108,4.155454937473049
Churu,8045,68052,76097,7888,4732,160,5.954381846635368
Coimbatore,13326,104412,117738,7139,1804,43,13.102381482305809
Cooch Behar,10291,112568,122859,7262,3220,246,11.452181208053691
Cuddalore,11218,70377,81595,7493,1093,44,9.454808806488991
Cuddapah,11074,72593,83667,5519,413,2,14.099595551061679
Cuttack,5928,44743,50671,4305,1082,15,9.380044427989633
Dadra & Nagar Haveli,32,203,235,22,3,0,9.4
Dadra and Nagar Haveli,1455,6267,7722,739,81,12,9.28125
Dahod,4796,31140,35936,5341,3891,1277,3.419545151774669
Dakshin Bastar Dantewada,1408,4488,5896,1028,172,24,4.816993464052287
Dakshin Dinajpur,4998,79280,84278,5358,1069,99,12.91418939626111
Dakshina Kannada,7839,48563,56402,5896,530,79,8.670561106840891
Daman,294,2874,3168,104,17,9,24.369230769230768
Damoh,7014,48440,55454,5081,938,47,9.141773821299044
Dantewada,699,1699,2398,584,126,0,3.3774647887323943
Darbhanga,12315,141613,153928,10017,5677,71,9.763907389787503
Darjeeling,2757,50880,53637,3967,2579,773,7.328460172154666
Darjiling,58,8213,8271,535,189,2,11.392561983471074
Darrang,3187,25132,28319,4390,1914,1291,3.7286372613561554
Datia,5168,31277,36445,3995,1805,43,6.237378059216156
Dausa,6047,44220,50267,4277,1807,49,8.196151964780695
Davanagere,182,3004,3186,437,46,0,6.596273291925466
Davangere,5459,28314,33773,4416,352,45,7.017037190941201
Debagarh,1020,6969,7989,783,95,5,9.047565118912797
Deeg,22,226,248,13,36,12,4.065573770491803
Deeg ,95,956,1051,1,7,0,131.375
Dehradun,7573,75049,82622,7797,1554,134,8.710806536636795
Deoghar,4022,56038,60060,4518,3679,127,7.21528111484863
Deoria,12422,96829,109251,4700,5443,114,10.65136004679731
Devbhumi Dwarka,835,5751,6586,1845,422,223,2.6449799196787147
Dewas,5450,41799,47249,8393,1958,91,4.524899444550853
Dhalai,1334,14091,15425,777,607,36,10.862676056338028
Dhalai  *,14,378,392,28,4,0,12.25
Dhamtari,3073,41640,44713,1876,89,3,22.72002032520325
Dhanbad,5776,102021,107797,6878,4061,92,9.772187471670746
Dhar,12026,75429,87455,8734,3553,425,6.879719949653871
Dharashiv,239,2949,3188,89,28,27,22.13888888888889
Dharmapuri,7202,34178,41380,4840,851,48,7.210315385955742
Dharwad,11753,43366,55119,4733,351,19,10.801293356848912
Dhaulpur,15,473,488,93,46,0,3.5107913669064748
Dhemaji,1927,20422,22349,3864,1846,1191,3.2385161570786845
Dhenkanal,4482,25501,29983,2466,543,8,9.938017898574744
Dholpur,8855,68700,77555,5719,2711,150,9.03904428904429
Dhubri,7185,73614,80799,8432,3849,365,6.389293057093152
Dhule,3645,58263,61908,7244,4842,519,4.911384371281238
Dibang Valley,28,132,160,7,3,0,16.0
Dibrugarh,1874,24645,26519,3895,1675,1492,3.755168507504956
Didwana-Kuchaman,66,654,720,2,0,0,360.0
Dima Hasao,16,264,280,119,103,28,1.12
Dimapur,817,7398,8215,1118,1802,276,2.5704005006257824
Dindigul,8508,49069,57577,4678,1393,12,9.465230971560086
Dindori,8508,38909,47417,2409,249,1,17.832643851071833
Diu,142,937,1079,84,8,4,11.239583333333334
Doda,1109,10268,11377,3449,1023,32,2.5259769094138544
Dohad,315,4897,5212,5003,7330,670,0.40083057755902485
Dr. B. R. Ambedkar Konaseema,1752,12404,14156,618,30,17,21.28721804511278
Dumka,4019,55639,59658,2743,2996,86,10.241716738197425
Dungarpur,4330,90978,95308,3869,2649,53,14.504337239385178
Durg,10565,66584,77149,3528,520,47,18.83980463980464
East,406,5461,5867,215,153,2,15.856756756756758
East Champaran,18227,229801,248028,10147,18371,805,8.458479691709579
East Delhi,24960,162101,187061,8055,2458,223,17.423714605067065
East Garo Hills,251,6094,6345,1012,3366,1674,1.0484137475214805
East Godavari,19090,136935,156025,7161,507,10,20.321047147694713
East Jaintia Hills,445,2949,3394,983,2354,1796,0.661211766997857
East Kameng,292,1130,1422,88,79,14,7.856353591160221
East Khasi Hills,1876,14484,16360,4258,14606,9948,0.567818964320422
East Midnapore,653,24594,25247,1796,318,4,11.920207743153918
East Midnapur,2,18,20,1,0,0,20.0
East Nimar,1078,8529,9607,2338,1500,21,2.4895050531225706
East Siang,423,2080,2503,80,86,2,14.898809523809524
East Sikkim,349,3164,3513,184,136,19,10.36283185840708
East Singhbhum,4140,56520,60660,5983,2109,99,7.405689171041387
Eastern West Khasi Hills,49,257,306,3,226,589,0.3740831295843521
Eluru,2346,15238,17584,568,45,16,27.955484896661368
Ernakulam,5733,60474,66207,4185,1807,332,10.469165085388994
Erode,7821,60588,68409,4964,1045,8,11.36928702010969
Etah,6180,55711,61891,6760,4345,159,5.494584517045454
Etawah,6640,55440,62080,4173,2865,116,8.677662845960302
Faizabad,6794,63185,69979,4052,2871,3,10.103811723938781
Faridabad,19754,140801,160555,12607,3225,323,9.938409161250387
Faridkot,826,13896,14722,793,99,10,16.32150776053215
Farrukhabad,6288,63850,70138,2844,2944,82,11.94855195911414
Fatehabad,4592,37378,41970,2510,92,10,16.068147013782543
Fatehgarh Sahib,932,14414,15346,891,144,13,14.643129770992367
Fatehpur,9425,97695,107120,6526,5582,225,8.685640152436552
Fazilka,2036,29626,31662,1630,271,10,16.56828885400314
Ferozepur,1875,26320,28195,1262,114,5,20.416364952932657
Firozabad,11620,127581,139201,7250,4926,124,11.317154471544715
Firozpur,159,6365,6524,347,48,0,16.51645569620253
Gadag,7989,20755,28744,4088,349,20,6.449181063495625
Gadag *,149,698,847,135,10,0,5.841379310344828
Gadchiroli,2371,50327,52698,2084,268,22,22.197978096040437
Gajapati,3255,18133,21388,1666,318,18,10.683316683316683
Ganderbal,1034,6495,7529,773,59,11,8.931198102016607
Gandhinagar,6930,57658,64588,4075,837,738,11.431504424778762
Ganganagar,5528,63690,69218,4186,1276,42,12.575944767441861
Ganjam,12890,85949,98839,7063,1044,9,12.178289797930015
Garhwa,3459,36814,40273,4523,1535,15,6.631483616005269
Garhwa *,44,2072,2116,314,67,0,5.553805774278215
Garhwal,16,388,404,52,4,0,7.214285714285714
Gariyaband,1307,26292,27599,1307,229,6,17.89818417639429
Gaurela-pendra-marwahi,439,2986,3425,115,20,5,24.464285714285715
Gautam Buddha Nagar,15292,138699,153991,9002,9318,637,8.123173497916337
Gaya,19945,175229,195174,6722,20244,435,7.122878727053757
Ghaziabad,20582,219179,239761,11984,10693,393,10.392761161681838
Ghazipur,16498,111342,127840,4323,6894,71,11.325301204819278
Gir Somnath,2323,9743,12066,4375,975,373,2.108334789446095
Giridih,9740,115931,125671,7695,6526,82,8.786338530378242
Goalpara,4325,36242,40567,6881,2220,797,4.098504748434027
Godda,3785,53892,57677,3238,2135,17,10.700742115027829
Golaghat,1998,25926,27924,5537,4047,1921,2.4271186440677965
Gomati,1461,8300,9761,464,204,11,14.375552282768778
Gonda,10986,114930,125916,7445,7494,328,8.247592847317744
Gondia,18,957,975,25,4,0,33.62068965517241
Gondiya,3464,60154,63618,2780,104,6,22.013148788927335
Gondiya *,27,1981,2008,53,4,0,35.228070175438596
Gopalganj,8025,97842,105867,5303,9649,196,6.988843411671508
Gorakhpur,18079,140786,158865,7454,12090,425,7.955581150783715
Gulbarga,2688,21011,23699,3650,703,3,5.4405417814508725
Gumla,3800,42953,46753,4083,2524,94,6.977018355469333
Guna,5429,47524,52953,7496,2249,66,5.397309142798899
Guntur,22026,155195,177221,8769,925,35,18.2157467365608
Gurdaspur,4847,67125,71972,4436,558,126,14.05703125
Gurgaon,13524,105689,119213,5417,1247,197,17.375455472963125
Gwalior,11375,70344,81719,12110,5602,830,4.407237622694423
HOOGHLY,0,125,125,6,1,0,17.857142857142858
HOWRAH,3,50,53,2,1,0,17.666666666666668
Hailakandi,2253,19049,21302,3826,1441,311,3.8189315166726425
Hamirpur,3869,45891,49760,3221,1414,28,10.671241689899206
Hanumakonda,1914,17061,18975,916,109,5,18.42233009708738
Hanumangarh,6898,70339,77237,3628,1271,41,15.63502024291498
Haora,354,39541,39895,1943,917,2,13.939552760307476
Hapur,4518,39764,44282,4450,2771,41,6.097769209584136
Harda,1551,8616,10167,1733,383,18,4.764292408622306
Harda *,163,1931,2094,503,107,0,3.4327868852459016
Hardoi,11832,132119,143951,12591,12290,312,5.713928472194657
Hardwar,32,1155,1187,118,28,0,8.13013698630137
Haridwar,6779,62121,68900,4688,1215,52,11.570109151973131
Hasan,466,8102,8568,944,49,0,8.628398791540786
Hassan,5817,33029,38846,2333,142,19,15.575781876503608
Hathras,5978,54680,60658,3815,2596,82,9.342060680733097
Haveri,14289,43341,57630,3917,266,59,13.585572842998586
Haveri *,150,814,964,111,6,0,8.239316239316238
Hawrah,0,32,32,3,3,0,5.333333333333333
Hazaribag,391,9335,9726,358,208,0,17.18374558303887
Hazaribagh,5791,60854,66645,4125,2048,31,10.742263056092844
Hingoli,2729,93822,96551,6359,1457,373,11.79032848943705
Hingoli *,0,3,3,1,0,0,3.0
Hisar,6665,56541,63206,4927,289,18,12.0760412686282
Hnahthial,4,43,47,2,0,0,23.5
Hojai,2371,22937,25308,5288,1607,155,3.589787234042553
Hooghiy,1,31,32,1,0,0,32.0
Hooghly,9400,172576,181976,11149,3863,342,11.852025530806305
Hoshangabad,2118,10285,12403,5158,812,12,2.073386827148111
Hoshiarpur,3118,43431,46549,3515,401,218,11.26003870343493
Howrah,6395,101395,107790,8139,3126,146,9.446148453246867
Hugli,16,1248,1264,148,46,0,6.515463917525773
Hyderabad,36317,216346,252663,23552,6608,670,8.195361660720078
Idukki,1528,13964,15492,1399,271,28,9.123674911660778
Imphal East,7534,48486,56020,559,564,9,49.487632508833926
Imphal West,7316,52034,59350,645,559,32,48.01779935275081
Indore,23118,163569,186687,16685,5009,609,8.37048827511994
JAJPUR,2586,15996,18582,1967,456,49,7.516990291262136
Jabalpur,9313,82738,92051,10653,1713,101,7.383572631747814
Jagatsinghapur,2502,13187,15689,2852,308,24,4.927449748743719
Jagatsinghpur,230,4943,5173,626,68,0,7.453890489913545
Jagitial,1965,14334,16299,1488,98,9,10.218808777429468
Jaintia Hills,1,24,25,4,0,0,6.25
Jaipur,29544,245796,275340,21436,8976,734,8.840300520130995
Jaisalmer,2104,19280,21384,1683,1120,51,7.492641906096706
Jajapur,3869,22864,26733,2107,499,2,10.250383435582823
Jajpur,6,229,235,10,7,0,13.823529411764707
Jalandhar,2995,48136,51131,3314,732,72,12.416464303059739
Jalaun,4466,56207,60673,2791,2641,125,10.918301241677163
Jalgaon,7782,143294,151076,10454,2579,227,11.393363499245853
Jalna,4102,75438,79540,4627,944,19,14.228980322003578
Jalor,4265,62425,66690,7882,5875,234,4.766635694374956
Jalore,57,979,1036,298,183,13,2.097165991902834
Jalpaiguri,8504,179007,187511,5674,4442,538,17.60005631687629
Jammu,2486,32630,35116,3749,835,36,7.600865800865801
Jamnagar,4166,41553,45719,4998,799,281,7.5220467258966766
Jamtara,1682,31321,33003,3160,1274,16,7.416404494382022
Jamui,5423,61497,66920,5193,5029,160,6.445771527643999
Jangaon,93,709,802,66,15,0,9.901234567901234
Jangoan,1561,15339,16900,892,130,0,16.53620352250489
Janjgir - Champa,11,204,215,32,1,0,6.515151515151516
Janjgir Champa,5,231,236,21,4,0,9.44
Janjgir-champa,7192,104968,112160,4066,572,1,24.177624488036216
Jashpur,8700,62323,71023,1666,875,2,27.928824223358237
Jaunpur,19038,136703,155741,5400,10237,216,9.824071153724846
Jayashankar Bhupalpally,1380,14881,16261,670,173,4,19.198347107438018
Jehanabad,4393,41968,46361,915,3827,141,9.494368216260495
Jhabua,3897,37565,41462,6586,6570,332,3.0739916963226572
Jhajjar,3763,28621,32384,2515,99,10,12.341463414634147
Jhalawar,6231,74861,81092,4978,2002,56,11.525298465036952
Jhansi,5591,66250,71841,4570,2519,71,10.033659217877094
Jhargram,835,6423,7258,741,171,50,7.544698544698544
Jharsuguda,1836,14950,16786,1096,86,0,14.201353637901862
Jhunjhunu,140,2602,2742,210,101,0,8.816720257234726
Jhunjhunun,5831,48821,54652,5749,1776,86,7.180659571672579
Jind,4923,39090,44013,3729,92,0,11.518712378958387
Jiribam,305,1692,1997,53,91,1,13.772413793103448
Jodhpur,11482,128488,139970,14563,6724,928,6.300697726761197
Jogulamba Gadwal,6843,26733,33576,1543,299,2,18.20824295010846
Jorhat,1266,18522,19788,2905,1122,860,4.049109883364027
Junagadh,3875,34170,38045,4876,568,92,6.872290462427745
Jyotiba Phule Nagar,6,599,605,61,23,0,7.2023809523809526
K.V.Rangareddy,48,470,518,55,14,0,7.507246376811594
K.v. Rangareddy,31651,165845,197496,13579,3685,164,11.33210924948359
KOLKATA,0,23,23,0,1,0,23.0
Kabeerdham,3034,24067,27101,860,92,3,28.37801047120419
Kachchh,7742,59047,66789,6176,2605,521,7.180068802408084
Kaimur (Bhabua),5463,61555,67018,3033,4707,85,8.564600638977636
Kaithal,4992,34982,39974,2894,85,12,13.364760949515212
Kakching,600,2725,3325,39,69,1,30.504587155963304
Kakinada,3621,24648,28269,858,84,27,29.173374613003094
Kalaburagi,8200,32020,40220,4096,602,84,8.410706817231285
Kalahandi,5491,41904,47395,3361,1071,64,10.541592526690392
Kalimpong,204,2177,2381,176,184,153,4.641325536062378
Kallakurichi,1585,9205,10790,877,149,38,10.140977443609023
Kamareddy,3541,20904,24445,1862,144,2,12.173804780876495
Kamle,64,254,318,3,25,2,10.6
Kamrup,3266,41318,44584,9324,3441,1044,3.2286190165833877
Kamrup Metro,2308,23883,26191,2654,2055,1337,4.331955011577903
Kancheepuram,19692,121601,141293,9629,3354,67,10.827049808429118
Kanchipuram,0,8,8,277,89,21,0.020671834625323
Kandhamal,4729,27316,32045,2633,440,8,10.40084388185654
Kangra,3693,30434,34127,3869,75,22,8.60489157841654
Kanker,2867,25973,28840,1426,277,2,16.914956011730204
Kannauj,6283,53404,59687,3083,3455,100,8.991714371798734
Kanniyakumari,6227,32451,38678,2139,135,1,17.001318681318683
Kannur,4639,53071,57710,4013,1722,230,9.67476948868399
Kanpur Dehat,7310,64779,72089,4032,3802,183,8.992016963951603
Kanpur Nagar,13567,156558,170125,11427,12606,675,6.8854217257568395
Kanyakumari,4020,16676,20696,1896,92,17,10.322194513715711
Kapurthala,771,13101,13872,2067,446,1213,3.7230273752012883
Karaikal,1371,4951,6322,517,38,12,11.149911816578483
Karauli,7277,51169,58446,5857,2670,109,6.767716535433071
Karbi Anglong,2438,28683,31121,2918,4107,1082,3.838781300111015
Kargil,1209,3336,4545,753,261,8,4.447162426614481
Karim Nagar,82,1069,1151,71,11,0,14.036585365853659
Karimganj,4135,37279,41414,9336,4903,594,2.7920177981527674
Karimnagar,10360,77966,88326,5667,793,7,13.657955775475491
Karnal,6828,42303,49131,3861,179,8,12.137104743083004
Karur,3590,23754,27344,3362,654,3,6.803682508086589
Kasaragod,2451,25907,28358,2695,798,62,7.9769338959212375
Kasargod,34,1835,1869,251,64,0,5.933333333333334
Kasganj,4352,45355,49707,3206,2977,158,7.838984387320612
Kathua,1775,18703,20478,2643,310,9,6.913571910871033
Katihar,11847,168447,180294,11332,4903,115,11.027155963302752
Katni,8994,47948,56942,8413,2410,118,5.204460286993876
Kaushambi,8798,68214,77012,4356,3038,69,10.319174594667023
Kawardha,4631,62369,67000,1884,257,1,31.279178338001866
Kendrapara,5340,34579,39919,3210,757,48,9.942465753424658
Kendujhar,7205,47233,54438,4369,1042,15,10.032805012900848
Khagaria,7370,68254,75624,4348,3779,69,9.226939970717423
Khairagarh Chhuikhadan Gandai,641,5462,6103,183,63,0,24.808943089430894
Khammam,12800,73376,86176,3669,1343,9,17.16311491734714
Khandwa,4171,13559,17730,3207,1232,82,3.9216987392169873
Khargone,5395,35585,40980,9870,4663,506,2.7249152204268903
Khawzawl,8,27,35,5,7,24,0.9722222222222222
Kheda,5991,46628,52619,5826,1224,517,6.953746530989824
Kheri,12160,170938,183098,11282,12841,455,7.449670436976158
Khorda,5724,31874,37598,3497,655,165,8.709288858003243
Khordha,384,8272,8656,1014,195,13,7.083469721767594
Khowai,514,2997,3511,196,99,44,10.35693215339233
Khunti,1410,20011,21421,1426,1173,45,8.101739788199698
Kinnaur,141,1028,1169,137,21,5,7.171779141104294
Kiphire,261,1697,1958,163,693,52,2.156387665198238
Kishanganj,6372,138769,145141,6957,1782,25,16.561045184847103
Kishtwar,967,4901,5868,1058,205,6,4.624113475177305
Koch Bihar,427,70660,71087,2227,1111,10,21.23267622461171
Kodagu,1140,10341,11481,1095,75,41,9.480594549958711
Kodarma,221,2782,3003,184,126,0,9.687096774193549
Koderma,1672,22513,24185,2096,1114,12,7.5062073246430785
Kohima,276,3032,3308,562,952,107,2.040715607649599
Kokrajhar,1928,20741,22669,2519,1572,518,4.918420481666305
Kolar,6189,41076,47265,3841,314,31,11.291208791208792
Kolasib,678,3189,3867,189,51,35,14.061818181818182
Kolhapur,5819,124115,129934,6423,985,72,17.370855614973262
Kolkata,3616,102860,106476,5028,4610,723,10.276614226426021
Kollam,4498,48602,53100,3814,1042,213,10.475438942592227
Komaram Bheem,3729,23729,27458,917,189,0,24.82640144665461
Kondagaon,4193,57771,61964,1975,1054,9,20.3963133640553
Koppal,8068,35331,43399,4752,650,49,7.961658411300679
Koraput,4951,37309,42260,3266,1190,46,9.386939138160818
Korba,6101,77273,83374,3040,489,13,23.538678712591757
Koriya,2301,29434,31735,1258,504,1,18.000567214974474
Kota,9075,83991,93066,5545,1876,104,12.367574750830565
Kottayam,2352,27858,30210,2465,804,52,9.096657633243
Kozhikode,9275,80652,89927,4587,1914,203,13.413931980906922
Kra Daadi,145,369,514,18,59,4,6.345679012345679
Krishna,13459,98390,111849,6163,540,34,16.60219682351195
Krishnagiri,9282,52627,61909,4157,910,8,12.198817733990147
Kulgam,2329,10078,12407,970,232,9,10.24525185796862
Kullu,1211,8391,9602,1022,111,106,7.749798224374495
Kupwara,7740,37397,45137,2400,444,40,15.650832177531207
Kurnool,29378,148267,177645,10923,823,24,15.09303313508921
Kurukshetra,3517,25192,28709,2315,78,11,11.942179700499167
Kurung Kumey,106,229,335,19,44,12,4.466666666666667
Kushinagar,18705,148550,167255,4449,6132,30,15.762416360380737
Kushinagar *,6,134,140,5,1,0,23.333333333333332
Lahaul and Spiti,15,44,59,3,0,0,19.666666666666668
Lahul & Spiti,6,271,277,36,2,0,7.2894736842105265
Lahul and Spiti,70,163,233,31,1,0,7.28125
Lakhimpur,2993,32419,35412,4726,1825,648,4.9190165300736215
Lakhisarai,4081,44802,48883,2664,3423,68,7.941998375304631
Lakshadweep,170,1006,1176,192,10,1,5.793103448275862
Lalitpur,4072,42730,46802,3376,1305,72,9.846833578792342
Latehar,3017,35628,38645,1675,923,11,14.812188577999233
Latur,5957,119670,125627,5828,1631,148,16.5146575522545
Lawngtlai,391,4004,4395,1164,381,97,2.676613885505481
Leh,965,3708,4673,264,55,12,14.117824773413897
Leh (ladakh),4,3,7,3,0,0,2.3333333333333335
Leparada,8,15,23,0,2,1,7.666666666666667
Lohardaga,1511,15908,17419,1984,919,56,5.886786076377154
Lohit,212,1654,1866,102,63,1,11.240963855421686
Longding,263,1222,1485,141,719,37,1.6555183946488294
Longleng,132,688,820,205,636,48,0.922384701912261
Lower Dibang Valley,186,971,1157,58,49,2,10.614678899082568
Lower Siang,70,269,339,10,18,3,10.935483870967742
Lower Subansiri,198,1323,1521,50,55,0,14.485714285714286
Lucknow,15779,193697,209476,13739,11321,454,8.210237516657521
Ludhiana,7364,112339,119703,12209,4573,832,6.795900987850573
Lunglei,1087,6236,7323,541,116,69,10.086776859504132
MALDA,3,85,88,14,1,0,5.866666666666666
Madhepura,6595,85266,91861,4571,4417,39,10.176249030685721
Madhubani,13587,168104,181691,12598,12534,798,7.0069803316621675
Madurai,15130,90922,106052,8875,1024,39,10.67136244717247
Mahabub Nagar,444,12369,12813,1079,432,0,8.479814692256783
Mahabubabad,2613,20797,23410,1249,253,1,15.575515635395876
Mahabubnagar,22882,73625,96507,7696,2463,16,9.484717444717445
Maharajganj,11712,97186,108898,6132,11265,474,6.093559397907224
Mahasamund,8593,126294,134887,2773,563,25,40.13299613210354
Mahbubnagar,1254,8643,9897,511,211,0,13.70775623268698
Mahendragarh,3104,25430,28534,2575,155,24,10.360929557007989
Mahesana,6530,43687,50217,5289,908,293,7.737596302003082
Mahisagar,918,6589,7507,2036,397,130,2.9289894654701523
Mahoba,2633,29671,32304,1979,1029,12,10.696688741721854
Mahrajganj,7,37,44,10,9,0,2.3157894736842106
Maihar,195,3822,4017,378,20,20,9.610047846889952
Mainpuri,6552,62889,69441,5056,6483,187,5.921968275626813
Majuli,290,2991,3281,347,157,11,6.370873786407767
Malappuram,10011,142379,152390,10205,4116,246,10.461316674675636
Malda,17474,178906,196380,11775,3956,84,12.417325324059437
Maldah,568,21998,22566,1190,566,0,12.850797266514807
Malerkotla,1037,14062,15099,711,146,8,17.45549132947977
Malkangiri,3382,17690,21072,2373,493,4,7.342160278745645
Mamit,330,1479,1809,141,27,3,10.578947368421053
Mammit,35,601,636,71,8,0,8.050632911392405
Mancherial,3062,24061,27123,924,169,1,24.79250457038391
Mandi,2289,14016,16305,2460,43,11,6.485680190930788
Mandla,10371,46610,56981,4645,261,5,11.60272856851965
Mandsaur,10108,43947,54055,7444,808,24,6.53153697438376
Mandya,4101,36160,40261,3401,150,43,11.202281580411798
Manendragarh–Chirmiri–Bharatpur,395,4718,5113,188,106,0,17.391156462585034
Mangan,0,67,67,0,2,1,22.333333333333332
Mansa,1368,22187,23555,998,107,19,20.956405693950177
Marigaon,4499,39311,43810,6735,2928,824,4.177553161056546
Mathura,11308,97981,109289,5851,5766,129,9.304358930699813
Mau,9992,77708,87700,2590,4942,47,11.571447420504024
Mauganj,169,3917,4086,379,58,1,9.32876712328767
Mayiladuthurai,470,3132,3602,437,64,1,7.175298804780876
Mayurbhanj,9770,61751,71521,6258,1861,35,8.771277900416973
Medak,10640,57292,67932,7334,1608,8,7.5901675977653635
Medchal-malkajgiri,13782,71470,85252,3064,900,106,20.946437346437346
Medchal?malkajgiri,89,261,350,1,1,0,175.0
Medchal−malkajgiri,425,1252,1677,445,88,2,3.1345794392523363
Medinipur,11,167,178,26,3,0,6.137931034482759
Meerut,13508,153711,167219,14177,9598,252,6.959628750988471
Meluri,8,88,96,2,13,2,5.647058823529412
Mewat,6364,60303,66667,6989,550,19,8.820719767134163
Mirzapur,8758,78518,87276,3536,4101,8,11.416088947024198
Moga,1304,22742,24046,1335,159,41,15.66514657980456
Mohalla-Manpur-Ambagarh Chowki,32,149,181,10,4,0,12.928571428571429
Mohla-Manpur-Ambagarh Chouki,3477,16334,19811,162,93,4,76.49034749034749
Mokokchung,189,2507,2696,132,315,43,5.502040816326531
Mon,837,3825,4662,618,1434,171,2.097165991902834
Monghyr,2,280,282,29,20,0,5.755102040816326
Moradabad,13369,150136,163505,15196,6131,218,7.588999767927594
Morbi,3044,16755,19799,5548,1803,653,2.4736381809095453
Morena,15081,95336,110417,14064,7647,670,4.933515035074393
Muktsar,102,3449,3551,306,28,0,10.631736526946108
Mulugu,1318,10380,11698,700,233,4,12.484525080042689
Mumbai,7094,128389,135483,10594,3881,77,9.310266630016493
Mumbai City,4950,46925,51875,2314,449,166,17.710822806418573
Mumbai Suburban,19869,173108,192977,12480,4946,790,10.593818620992534
Mumbai( Sub Urban ),51,3590,3641,340,79,0,8.689737470167065
Mungeli,3835,66729,70564,2600,355,2,23.863375042272573
Munger,4129,51818,55947,2445,3534,108,9.19122720551996
Murshidabad,31110,340843,371953,31442,4383,86,10.357634151095764
Muzaffarnagar,12022,123611,135633,7250,4575,124,11.350991714787849
Muzaffarpur,15939,190978,206917,14087,14103,665,7.170923583434414
Mysore,1542,19689,21231,2857,214,2,6.908883826879271
Mysuru,4695,32490,37185,3650,463,248,8.52671405640908
N. T. R,4718,33352,38070,790,97,46,40.80385852090032
NADIA,0,18,18,3,0,0,6.0
NUAPADA,9,344,353,35,4,0,9.051282051282051
Nabarangapur,4235,37601,41836,4175,1992,65,6.713093709884467
Nadia,9450,182862,192312,13244,3623,843,10.858949745906267
Nagaon,7120,90257,97377,9002,3478,393,7.564437194127243
Nagapattinam,3961,34068,38029,3315,732,0,9.396837163330863
Nagarkurnool,2811,17359,20170,1077,282,2,14.81998530492285
Nagaur,10343,93084,103427,11618,5441,208,5.989865060520067
Nagpur,13044,145857,158901,10093,1502,233,13.434308420696652
Nainital,6093,43007,49100,3417,458,76,12.427233611743862
Najafgarh,9,186,195,21,9,0,6.5
Nalanda,11812,141231,153043,3676,10763,136,10.500377358490566
Nalbari,2083,18878,20961,2709,977,195,5.400927595980417
Nalgonda,12476,94809,107285,6356,1462,10,13.705288707204906
Namakkal,9009,36807,45816,4257,606,9,9.403940886699507
Namchi,6,276,282,3,7,14,11.75
Namsai,221,1914,2135,95,54,1,14.233333333333333
Nanded,7187,229602,236789,9164,2447,336,19.819954800368293
Nandurbar,2966,38078,41044,7649,2630,237,3.903004944845949
Nandurbar *,0,600,600,106,33,1,4.285714285714286
Nandyal,4798,22587,27385,860,39,6,30.259668508287294
Narayanpet,2346,14386,16732,1082,224,4,12.772519083969465
Narayanpur,2057,14708,16765,448,306,8,22.001312335958005
Narmada,2729,12028,14757,1155,96,29,11.52890625
Narmadapuram,489,5420,5909,608,100,29,8.01763907734057
Narsimhapur,298,3988,4286,966,223,0,3.6047098402018505
Narsinghpur,3937,22260,26197,3860,1222,92,5.063200618477
Nashik,14785,231315,246100,16262,5802,304,11.002324749642346
Navsari,5085,24517,29602,2453,201,103,10.737033006891549
Nawada,6895,79623,86518,2742,12380,291,5.613313436709271
Nawanshahr,27,2931,2958,169,23,0,15.40625
Nayagarh,3446,20066,23512,2172,283,11,9.534468775344688
Neemuch,5214,31762,36976,4183,764,17,7.448831587429492
Nellore,7111,61012,68123,4611,754,2,12.692938326812
New Delhi,547,3514,4061,918,502,217,2.4807574832009776
Nicobar,58,729,787,64,11,0,10.493333333333334
Nicobars,0,4,4,1,0,0,4.0
Nirmal,4519,29327,33846,1292,106,3,24.158458244111348
Niuland,57,316,373,14,15,2,12.03225806451613
Niwari,154,1585,1739,117,16,9,12.246478873239436
Nizamabad,11808,60708,72516,6438,654,9,10.2120828052387
Noklak,62,385,447,70,246,38,1.2627118644067796
North,46,397,443,34,10,0,10.068181818181818
North 24 Parganas,15020,275457,290477,21517,5741,1348,10.154408166118996
North And Middle Andaman,112,1897,2009,128,4,0,15.219696969696969
North Cachar Hills,300,3299,3599,501,420,137,3.4017013232514177
North Delhi,9317,77583,86900,3148,1230,81,19.48867459071541
North Dinajpur,86,4815,4901,263,79,0,14.330409356725147
North East,360,11467,11827,1328,408,2,6.804948216340621
North East Delhi,25389,115759,141148,8299,3749,65,11.652604639643359
North Garo Hills,182,3650,3832,457,1854,758,1.2486151840990551
North Goa,1713,17130,18843,1109,146,99,13.916543574593796
North Sikkim,59,387,446,45,17,0,7.193548387096774
North Tripura,1058,13873,14931,1046,416,26,10.034274193548388
North Twenty Four Parganas,279,19456,19735,1226,399,2,12.129686539643515
North West Delhi,39744,274245,313989,12395,3293,355,19.571713519915228
Nuapada,2464,15428,17892,1668,413,2,8.589534325492078
Osmanabad,3015,105818,108833,3303,713,10,27.032538499751613
Pakaur,227,3451,3678,197,100,0,12.383838383838384
Pakke Kessang,14,73,87,2,1,1,21.75
Pakur,2790,42671,45461,3971,2908,45,6.5657134604274985
Palakkad,3894,46102,49996,5174,1381,169,7.435455086258179
Palamau,140,3546,3686,220,66,0,12.888111888111888
Palamu,9410,104641,114051,6548,1994,64,13.252498257029979
Palghar,9003,113104,122107,7343,3191,165,11.412935788391438
Pali,5398,60939,66337,6300,2696,118,7.278582400702216
Palnadu,3955,21540,25495,759,76,25,29.6453488372093
Palwal,7265,61703,68968,4367,332,4,14.66468211779715
Panch Mahals,15,402,417,858,444,100,0.29743223965763194
Panchkula,5417,29001,34418,1287,92,5,24.86849710982659
Panchmahals,3200,29270,32470,4828,1122,329,5.171205605988215
Pandhurna,60,761,821,66,4,28,8.377551020408163
Panipat,9431,59653,69084,5498,543,47,11.347568988173457
Panna,4984,37841,42825,6807,2404,128,4.5856087375522
Papum Pare,770,4152,4922,201,241,5,11.011185682326621
Parbhani,4432,112397,116829,5062,1011,199,18.627072704081634
Parvathipuram Manyam,1511,7880,9391,464,36,8,18.486220472440944
Paschim Bardhaman,1400,15281,16681,865,318,93,13.072884012539184
Paschim Medinipur,14645,199535,214180,14240,3695,150,11.842963782139895
Pashchim Champaran,23,1097,1120,5060,10737,562,0.06846384253316218
Pashchimi Singhbhum,235,8922,9157,346,252,1,15.287145242070117
Patan,3100,26459,29559,6023,2228,716,3.296420207427233
Pathanamthitta,1955,19080,21035,1398,480,73,10.781650435674013
Pathankot,1276,13220,14496,1033,67,15,13.000896860986547
Patiala,7390,81662,89052,4298,769,83,17.291650485436893
Patna,20931,222841,243772,6745,17151,748,9.891738354163286
Pauri Garhwal,2138,18992,21130,1677,165,14,11.38469827586207
Peddapalli,919,9008,9927,513,72,3,16.882653061224488
Perambalur,3307,12354,15661,1898,232,0,7.352582159624413
Peren,391,1413,1804,511,843,100,1.2407152682255846
Phek,155,1313,1468,309,695,39,1.4074784276126557
Pherzawl,14,162,176,1,10,0,16.0
Pilibhit,11012,125251,136263,8791,4631,213,9.993619361936194
Pithoragarh,1538,13164,14702,1065,146,9,12.050819672131148
Pondicherry,578,5776,6354,1018,69,0,5.845446182152714
Porbandar,1801,12822,14623,2006,332,181,5.805081381500595
Prakasam,15519,104979,120498,6405,1157,61,15.807162534435262
Pratapgarh,13820,139466,153286,8509,5519,74,10.869805701318962
Prayagraj,3121,25906,29027,1428,1255,182,10.131588132635253
Puducherry,2736,17038,19774,1213,85,32,14.867669172932331
Pudukkottai,7347,44710,52057,5339,1670,36,7.389212207239177
Pulwama,3432,18055,21487,1742,118,15,11.459733333333334
Punch,4052,19388,23440,2064,548,17,8.915937618866488
Pune,32644,405834,438478,24088,6536,1139,13.804678399395524
Purba Bardhaman,2464,21987,24451,2523,390,128,8.04044722130878
Purba Champaran,19,915,934,61,66,0,7.354330708661418
Purba Medinipur,9860,93569,103429,12954,1310,58,7.221686915235303
Purbi Singhbhum,86,4780,4866,814,172,0,4.935091277890466
Puri,3976,28887,32863,3153,574,4,8.808094344679711
Purnea,102,2704,2806,169,88,0,10.918287937743191
Purnia,9447,133927,143374,12195,7721,184,7.133034825870647
Purulia,385,6924,7309,539,243,1,9.334610472541508
Puruliya,12343,142695,155038,9674,3412,133,11.728421211891973
Rae Bareli,10271,97982,108253,5812,3875,42,11.12683729057457
Raebareli,1,13,14,0,3,0,4.666666666666667
Raichur,7377,40787,48164,7619,2056,104,4.92524798036609
Raigad,3584,38777,42361,2585,743,105,12.33935333527527
Raigarh,9243,160060,169303,8708,1440,38,16.62114667190261
Raigarh(MH),8,845,853,72,16,0,9.693181818181818
Raipur,12289,120722,133011,6205,779,57,18.890924584576055
Raisen,6174,36639,42813,6215,1230,122,5.6578564820933
Rajanna Sircilla,1426,9739,11165,834,51,3,12.573198198198199
Rajauri,0,15,15,1,1,0,7.5
Rajgarh,7503,34777,42280,6542,1594,35,5.1743972585974785
Rajkot,10174,127426,137600,12419,3732,919,8.060925600468659
Rajnandgaon,10303,137815,148118,3791,371,23,35.39259259259259
Rajouri,2395,13413,15808,2071,594,9,5.911742707554226
Rajsamand,4623,42547,47170,3078,1405,29,10.454343971631205
Ramanagar,3637,31197,34834,2559,379,11,11.812139708375721
Ramanathapuram,5157,33134,38291,3318,644,43,9.560799001248439
Ramban,1857,5897,7754,1317,597,6,4.038541666666666
Ramgarh,2377,33083,35460,1902,1066,11,11.90332326283988
Rampur,12350,143168,155518,12051,7757,302,7.733366484336151
Ranchi,8306,95347,103653,9318,4613,334,7.266246056782334
Rangareddi,3569,18676,22245,1478,405,0,11.813595326606478
Rangareddy,734,4828,5562,237,61,2,18.54
Ranipet,190,1200,1390,97,13,1,12.522522522522523
Ratlam,11051,68372,79423,6427,1478,77,9.950263091956902
Ratnagiri,2652,50357,53009,2352,219,32,20.36457933154053
Rayagada,4179,28192,32371,2516,707,3,10.034407935523868
Reasi,1119,7281,8400,1136,570,9,4.8979591836734695
Rewa,9422,73712,83134,9346,1463,29,7.670603432367596
Rewari,6191,37840,44031,2329,150,6,17.718712273641852
Ri Bhoi,866,7350,8216,1338,4598,3372,0.88268156424581
Rohtak,4152,22379,26531,3161,191,61,7.773513038382655
Rohtas,10462,107283,117745,2741,5120,78,14.831212999118277
Rudraprayag,830,7004,7834,874,82,0,8.194560669456067
Rupnagar,1007,12718,13725,1143,93,13,10.988791032826262
S.A.S Nagar(Mohali),50,2271,2321,241,36,0,8.379061371841155
SAS Nagar (Mohali),4590,53482,58072,2398,493,62,19.66542499153403
Sabar Kantha,41,602,643,1083,1197,157,0.26384899466557243
Sabarkantha,5607,38270,43877,3603,1173,339,8.578103616813294
Sagar,9874,78003,87877,11572,1882,387,6.34903547431544
Saharanpur,13397,154417,167814,13708,5359,99,8.755817593655431
Saharsa,6443,74734,81177,6281,6577,205,6.214269310265636
Sahebganj,4750,60999,65749,3636,2670,15,10.401676949849707
Sahibganj,150,2506,2656,187,178,0,7.276712328767124
Saiha,215,1636,1851,374,181,102,2.817351598173516
Saitual,8,119,127,2,3,7,10.583333333333334
Sakti,967,8718,9685,373,80,2,21.285714285714285
Salem,15487,90884,106371,8417,1608,224,10.378671089862426
Salumbar,20,193,213,1,0,0,213.0
Samastipur,15445,186847,202292,11289,7787,131,10.532201801426563
Samba,628,4492,5120,532,47,9,8.70748299319728
Sambalpur,3690,26630,30320,2255,321,1,11.765618936748156
Sambhal,8117,91472,99589,4744,3816,117,11.477353924167339
Samstipur,10,438,448,41,41,0,5.463414634146342
Sangareddy,6437,30851,37288,2224,468,11,13.795042545320015
Sangli,3462,86422,89884,5697,1802,133,11.777253668763104
Sangrur,1404,28511,29915,2087,203,39,12.844568484328038
Sant Kabir Nagar,7684,71522,79206,2789,3343,37,12.839358080726212
Sant Ravidas Nagar,5889,43274,49163,1869,2547,4,11.122850678733032
Sant Ravidas Nagar Bhadohi,20,277,297,37,47,0,3.5357142857142856
Saran,14788,155057,169845,7592,16407,219,7.013172020810967
Sarangarh-Bilaigarh,622,7433,8055,159,24,3,43.306451612903224
Satara,3951,94272,98223,5148,717,156,16.313403089187844
Satna,11697,75356,87053,11198,1946,132,6.557170834588732
Sawai Madhopur,4617,40538,45155,4575,2083,86,6.6955812574139975
Sehore,4566,23303,27869,5155,1308,55,4.275698066891684
Senapati,4776,20734,25510,764,721,16,16.99533644237175
Seoni,10764,63519,74283,5558,513,10,12.215589541193882
Sepahijala,1094,14231,15325,1121,577,30,8.86863425925926
Seraikela-Kharsawan,2085,26654,28739,2398,961,30,8.480082620241959
Seraikela-kharsawan,144,5818,5962,545,316,0,6.9245063879210225
Serchhip,437,2018,2455,80,16,6,24.068627450980394
Shahdara,4681,23863,28544,1121,515,64,16.790588235294116
Shahdol,6791,47986,54777,4410,828,59,10.341136492354163
Shaheed Bhagat Singh Nagar,569,5775,6344,801,101,44,6.706131078224101
Shahjahanpur,13197,136275,149472,12811,11033,447,6.153390144497962
Shajapur,4315,26910,31225,5937,1070,18,4.444839857651245
Shamator,51,382,433,3,221,23,1.7530364372469636
Shamli,7228,68386,75614,5530,2613,57,9.221219512195121
Sheikhpura,2326,25762,28088,1244,1934,21,8.780243826195687
Sheikpura,1,177,178,11,18,0,6.137931034482759
Sheohar,2482,28998,31480,2067,1184,11,9.650521152667075
Sheopur,5300,33506,38806,3765,3326,139,5.367358229598893
Shi-yomi,43,195,238,8,22,5,6.8
Shimla,1841,13901,15742,1488,161,21,9.426347305389221
Shimoga,1163,14351,15514,2111,149,0,6.864601769911505
Shivamogga,4526,20225,24751,2004,182,43,11.104082548227906
Shivpuri,7316,61614,68930,7127,4867,747,5.410093399262224
Shrawasti,4345,58376,62721,1816,3151,150,12.257377369552472
Shupiyan,1844,6363,8207,537,128,1,12.322822822822824
Siang,175,602,777,39,60,4,7.543689320388349
Sibsagar,1031,12039,13070,1561,514,662,4.775301424917793
Siddharthnagar,9289,84354,93643,4875,8739,399,6.6825804610005
Siddipet,4466,31495,35961,1701,174,1,19.168976545842217
Sidhi,5976,48117,54093,5606,671,15,8.597107438016529
Sikar,9034,69303,78337,8163,3061,176,6.871666666666667
Simdega,1750,24335,26085,1472,594,13,12.546897546897547
Sindhudurg,1069,26823,27892,1121,59,22,23.204658901830282
Singrauli,8741,47963,56704,5669,859,22,8.657099236641221
Sirmaur,2634,16784,19418,1510,67,7,12.258838383838384
Sirohi,3803,37490,41293,5500,4853,379,3.847651882221394
Sirsa,4976,50186,55162,3135,198,2,16.54032983508246
Sitamarhi,12645,157203,169848,20679,18856,2697,4.021784428869104
Sitapur,12130,157192,169322,16237,13869,748,5.487845984313217
Sivaganga,5391,28905,34296,3740,685,21,7.713900134952767
Siwan,10600,113122,123722,6149,9025,137,8.08059565018614
Solan,1260,7723,8983,1105,65,6,7.63860544217687
Solapur,7735,257811,265546,9537,2495,260,21.603156524568824
Sonapur,2183,11084,13267,1288,221,1,8.786092715231788
Sonbhadra,6874,65203,72077,2998,2023,13,14.31803734604688
Sonipat,7748,52916,60664,4314,268,37,13.133578696687595
Sonitpur,3162,40414,43576,5501,2723,973,4.738066760900294
South,156,3583,3739,88,108,1,18.97969543147208
South 24 Pargana,2,15,17,1,1,0,8.5
South 24 Parganas,27728,373448,401176,25039,8197,304,11.961121049493142
South 24 parganas,0,24,24,2,0,0,12.0
South Andaman,440,3256,3696,216,12,0,16.210526315789473
South Delhi,20329,193160,213489,10138,2780,477,15.937961926091825
South Dinajpur,79,6740,6819,375,71,0,15.289237668161435
South East Delhi,124,1045,1169,46,9,5,19.483333333333334
South Garo Hills,250,3754,4004,568,2427,1446,0.9015987390227427
South Goa,1560,14678,16238,805,108,64,16.62026612077789
South Salmara Mankachar,1188,19859,21047,1062,364,46,14.298233695652174
South Sikkim,133,1276,1409,187,247,25,3.0697167755991286
South Tripura,2536,28143,30679,1348,804,6,14.21640407784986
South Twenty Four Parganas,814,41252,42066,2978,1125,4,10.242512783053323
South West Delhi,19940,149759,169699,6951,1945,359,18.33592652620205
South West Garo Hills,493,6689,7182,2417,1656,883,1.4491525423728813
South West Khasi Hills,643,4097,4740,789,1543,1114,1.3755078351712131
Sri Muktsar Sahib,1544,20147,21691,1157,150,8,16.495057034220533
Sri Potti Sriramulu Nellore,3045,19020,22065,689,622,303,13.67100371747212
Sri Sathya Sai,3953,18154,22107,879,40,19,23.568230277185503
Sribhumi,192,4895,5087,115,43,11,30.100591715976332
Srikakulam,24315,111384,135699,4157,135,8,31.557906976744185
Srinagar,3495,36221,39716,2853,271,135,12.186560294568887
Subarnapur,294,4066,4360,345,60,0,10.765432098765432
Sukma,1509,11237,12746,1256,804,119,5.84947223497017
Sultanpur,9519,73102,82621,5465,5837,132,7.22590519503236
Sundargarh,417,7243,7660,607,123,0,10.493150684931507
Sundergarh,5523,37153,42676,3341,641,19,10.666333416645838
Supaul,6449,100462,106911,5691,4563,157,10.26904235904332
Surajpur,3394,38673,42067,2250,720,7,14.130668458179375
Surat,35198,322384,357582,18412,6399,658,14.039891632965565
Surendra Nagar,3636,35123,38759,4853,1665,337,5.654121079504011
Surendranagar,19,894,913,771,593,78,0.6331484049930652
Surguja,9129,106554,115683,2866,679,11,32.53177727784027
Suryapet,4565,41224,45789,1743,297,2,22.42360430950049
Tamenglong,2211,8220,10431,297,634,29,10.865625
Tamulpur District,54,1214,1268,22,33,0,23.054545454545455
Tapi,2645,9545,12190,1856,205,151,5.510849909584087
Tarn Taran,1156,26259,27415,2646,273,20,9.32800272201429
Tawang,209,742,951,104,43,7,6.175324675324675
Tehri Garhwal,2715,23153,25868,2444,324,13,9.301690039554117
Tenkasi,1825,8195,10020,1150,118,0,7.902208201892744
Thane,36090,411163,447253,29092,13629,967,10.237433620216077
Thanjavur,11625,65210,76835,5881,1471,20,10.422544763971786
The Dangs,1477,5104,6581,1068,186,74,4.955572289156627
The Nilgiris,2420,12853,15273,1279,430,5,8.91073512252042
Theni,4918,33858,38776,2908,563,2,11.16498704290239
Thiruvallur,104,1719,1823,461,134,10,3.013223140495868
Thiruvananthapuram,5373,59565,64938,4836,1394,433,9.746060333183252
Thiruvarur,5041,32739,37780,3346,816,3,9.070828331332534
Thoothukkudi,6827,37868,44695,4439,877,3,8.40289528106787
Thoubal,7639,51605,59244,423,638,6,55.52389878163074
Thrissur,4994,53826,58820,4914,1672,485,8.318483948522132
Tikamgarh,8041,43127,51168,5674,1539,29,7.065451532725766
Tinsukia,2000,33249,35249,3884,2867,1633,4.204317748091603
Tirap,96,894,990,59,39,1,10.0
Tiruchirappalli,11294,62387,73681,8396,1531,5,7.418546113572291
Tirunelveli,14714,65176,79890,8303,1370,2,8.257364341085271
Tirupathur,10,83,93,4,0,0,23.25
Tirupati,4768,28462,33230,802,689,228,19.331006399069228
Tirupattur,1189,8163,9352,944,102,2,8.923664122137405
Tiruppur,12574,73372,85946,5078,1109,5,13.880167958656331
Tiruvallur,18319,130089,148408,8712,2665,58,12.978399650196764
Tiruvannamalai,9251,55967,65218,6556,677,33,8.975777594274705
Tiruvarur,0,2,2,1,0,0,2.0
Tonk,5975,50653,56628,4198,1656,61,9.573626373626373
Tseminyu,7,84,91,7,15,10,2.84375
Tuensang,464,3775,4239,512,983,84,2.6846105129829008
Tumakuru,4312,24113,28425,2792,161,47,9.475
Tumkur,2750,23550,26300,2754,188,0,8.93949694085656
Tuticorin,0,4,4,1,1,0,2.0
Udaipur,8940,118552,127492,8641,6073,192,8.553065879511607
Udalguri,1380,18400,19780,2658,1322,585,4.332968236582694
Udham Singh Nagar,15488,119374,134862,5092,985,18,22.126661197703037
Udhampur,1172,15681,16853,2448,349,11,6.001780626780627
Udupi,3944,23431,27375,3338,210,43,7.6232247284878865
Udupi *,0,1,1,2,0,0,0.5
Ujjain,10268,66440,76708,12450,1763,95,5.361196533407884
Ukhrul,1903,13273,15176,343,424,14,19.431498079385403
Umaria,3692,25933,29625,4360,906,34,5.589622641509434
Una,1095,8466,9561,1226,21,0,7.6672012830793905
Unakoti,499,3144,3643,433,179,27,5.701095461658842
Unnao,9141,115402,124543,9838,8943,367,6.504230206810111
Upper Siang,199,1122,1321,21,21,1,30.72093023255814
Upper Subansiri,347,1202,1549,76,55,12,10.832167832167832
Uttar Bastar Kanker,1113,12455,13568,718,162,8,15.27927927927928
Uttar Dinajpur,17577,252655,270232,18397,8127,368,10.04878774356686
Uttara Kannada,4134,26497,30631,3219,221,30,8.827377521613833
Uttarkashi,1396,8625,10021,978,149,5,8.852473498233216
Vadodara,10942,89085,100027,9306,2433,545,8.142868772386844
Vaishali,12462,143132,155594,8257,9698,52,8.640750819125895
Valsad,8741,39602,48343,5818,1406,224,6.490735767991407
Varanasi,15174,144324,159498,9479,13404,451,6.835433273335047
Vellore,11895,77505,89400,8271,1309,53,9.280597944565557
Vidisha,8962,40335,49297,7998,2206,170,4.751976094081357
Vijayanagara,2066,12626,14692,1822,241,56,6.933459178857952
Vijayapura,8945,23026,31971,4662,842,92,5.713187991422445
Vikarabad,8873,51676,60549,2085,506,2,23.350944851523334
Villupuram,9988,29580,39568,5854,915,3,5.84288245717661
Viluppuram,2249,33539,35788,4341,781,0,6.987114408434206
Virudhunagar,8761,48681,57442,4769,627,11,10.623636027371925
Visakhapatnam,19864,137329,157193,7688,460,30,19.221447786744925
Vizianagaram,11069,67818,78887,3695,158,3,20.458246887966805
Wanaparthy,4167,21013,25180,1266,401,0,15.10497900419916
Warangal,9081,54786,63867,3320,691,0,15.922961854899027
Warangal (urban),11,110,121,6,1,0,17.285714285714285
Warangal Rural,1082,16618,17700,660,70,2,24.18032786885246
Warangal Urban,1821,13757,15578,585,72,6,23.49622926093514
Wardha,2320,28022,30342,1859,89,5,15.536098310291859
Washim,1584,52290,53874,3041,300,45,15.910809214412286
Washim *,6,989,995,28,4,0,31.09375
Wayanad,1687,16378,18065,1265,233,18,11.91622691292876
West,194,2359,2553,92,111,5,12.274038461538462
West Champaran,17311,216078,233389,11585,18070,783,7.667685130429069
West Delhi,25703,206102,231805,14000,4405,1009,11.940094776965077
West Garo Hills,1141,13829,14970,4545,6790,4540,0.942992125984252
West Godavari,14258,112548,126806,5568,343,24,21.365796124684078
West Jaintia Hills,898,6562,7460,2382,5636,3798,0.6313473256601219
West Kameng,375,1484,1859,157,103,18,6.68705035971223
West Karbi Anglong,152,1299,1451,390,987,507,0.7701698513800425
West Khasi Hills,1331,9213,10544,2410,8178,5310,0.6632280790036482
West Medinipur,0,12,12,1,1,0,6.0
West Midnapore,455,30225,30680,1647,540,3,14.009132420091325
West Nimar,210,1849,2059,618,136,6,2.7092105263157893
West Siang,521,3031,3552,110,80,2,18.5
West Sikkim,206,1815,2021,206,256,39,4.033932135728543
West Singhbhum,4033,55272,59305,4211,2589,48,8.660192757009346
West Tripura,3281,41065,44346,1963,764,75,15.826552462526767
Wokha,132,1773,1905,118,410,30,3.413978494623656
Y. S. R,4161,24025,28186,738,52,33,34.24787363304982
Yadadri.,3489,36383,39872,1380,205,1,25.13997477931904
Yadgir,7003,26331,33334,4847,1300,111,5.32662192393736
Yamuna Nagar,6421,46460,52881,3278,110,8,15.571554770318022
Yamunanagar,27,401,428,56,3,0,7.254237288135593
Yanam,11,302,313,30,3,0,9.484848484848484
Yavatmal,5104,191008,196112,6054,1339,201,25.824598367131948
Zunheboto,221,2218,2439,131,583,47,3.2049934296977662
chittoor,5,52,57,4,0,0,14.25
hooghly,3,76,79,8,2,0,7.9
jajpur,17,137,154,14,4,0,8.555555555555555
nadia,1,12,13,2,1,0,4.333333333333333
rangareddi,0,20,20,1,0,0,20.0
yadgir,217,1882,2099,573,116,0,3.04644412191582
